step,loss
0,0.63688123
100,0.16429433
200,0.16781804
300,0.14668125
400,0.14585122
500,0.10708146
600,0.13170953
700,0.10390126
800,0.102924764
900,0.084586255
1000,0.083665244
