step,train_acc
0,0.09375
100,0.8125
200,0.7265625
300,0.828125
400,0.8125
500,0.859375
600,0.84375
700,0.8828125
800,0.8671875
900,0.890625
1000,0.8828125
